1	가막살나무	3	6
2	가시나무	7	11
3	갈참나무	12	15
4	감나무	16	17
5	감탕나무	18	21
6	개나리	0	0
7	개비자나무	22	25
8	개오동	26	27
9	계수나무	28	30
10	골담초	31	32
11	곰솔	33	36
12	광나무	37	43
13	구상나무	45	47
14	금목서	48	50
15	금송	51	54
16	금식나무	55	56
17	꽝꽝나무	57	60
18	낙상홍	61	64
19	남천	65	67
20	노각나무	68	69
21	노랑말채나무	70	71
22	녹나무	72	75
23	눈향나무	76	78
24	느티나무	79	80
25	능소화	81	84
26	단풍나무	85	89
27	담쟁이덩굴	91	92
28	당매자나무	93	95
29	대추나무	96	98
30	독일가문비	99	101
31	돈나무	103	106
32	동백나무	107	107
33	등	108	111
34	때죽나무	112	116
35	떡갈나무	117	120
36	마가목	121	129
37	말채나무	130	135
38	매화나무	136	139
39	먼나무	140	144
40	메타세쿼이아	145	149
41	모감주나무	150	155
42	모과나무	156	158
43	무궁화	159	159
44	물푸레나무	160	165
45	미선나무	166	168
46	박태기나무	169	172
47	반송	173	174
48	배롱나무	177	180
49	백당나무	181	184
50	백목련	185	187
51	백송	189	191
52	버드나무	192	193
53	벽오동	194	197
54	병꽃나무	198	200
55	보리수나무	201	208
56	복사나무	213	215
57	복자기	216	220
58	붉가시나무	221	225
59	사철나무	226	229
60	산딸나무	230	234
61	산벚나무	235	238
62	산사나무	239	242
63	산수유	243	247
64	산철쭉	248	249
65	살구나무	253	257
66	상수리나무	258	263
67	생강나무	264	266
68	서어나무	267	269
69	석류나무	270	274
70	소나무	275	275
71	수국	278	278
72	수수꽃다리	279	282
73	쉬땅나무	283	286
74	스트로브잣나무	287	290
75	신갈나무	291	298
76	신나무	299	303
77	아까시나무	304	308
78	앵도나무	309	313
79	오동나무	314	317
80	왕벚나무	318	322
81	은행나무	323	323
82	이팝나무	324	326
83	인동덩굴	327	330
84	일본목련	331	332
85	자귀나무	333	335
86	자작나무	336	338
87	작살나무	339	341
88	잣나무	342	344
89	전나무	345	348
90	조릿대	351	352
91	졸참나무	353	356
92	주목	363	365
93	중국단풍	367	369
94	쥐똥나무	372	375
95	진달래	376	377
96	쪽동백나무	378	383
97	참느릅나무	384	387
98	철쭉	388	389
99	측백나무	391	392
100	층층나무	393	398
101	칠엽수	399	402
102	태산목	403	405
103	탱자나무	406	410
104	백합나무	411	412
105	팔손이	413	415
106	팥배나무	416	419
107	팽나무	420	422
108	풍년화	423	424
109	피나무	425	428
110	피라칸다	429	430
111	해당화	436	438
112	향나무	439	439
113	호두나무	440	441
114	호랑가시나무	442	443
115	화살나무	444	445
116	회양목	446	449
117	회화나무	450	452
118	후박나무	453	455
119	흰말채나무	456	457
120	히어리	459	462
