1	깻잎을 닮은 넓은 잎에 잎맥과 주름이 뚜렷합니다.|작은 흰 꽃이 무리 지어 피고, 열매는 붉게 익습니다.|붉은 열매만 보지 말고 넓고 거친 잎을 함께 확인하세요.	덜 익은 열매는 녹색입니다. 열매 색만으로 다른 수목이라고 판단하지 마세요.
2	길쭉한 잎의 표면이 매끈하고 광택이 납니다.|잎 가장자리에 톱니가 있지만 호랑가시나무처럼 큰 가시는 아닙니다.|도토리 모양의 열매와 잎을 함께 살펴보세요.	이름에 ‘가시’가 있어도 호랑가시나무의 날카로운 잎과는 다릅니다.
3	잎 가장자리에 둥글고 큰 톱니가 있으며 잎맥이 선명합니다.|어린잎은 주름져 보이고, 자라면서 넓게 펴집니다.|늘어지는 수꽃차례와 도토리를 잎 모양과 함께 확인하세요.	가시나무의 매끈하고 광택 나는 잎과 비교하면 좋습니다.
4	감 열매와 네 갈래로 남는 큰 꽃받침이 익숙한 단서입니다.|작은 황백색 꽃의 꽃받침도 감 꼭지를 떠올리게 합니다.|열매가 없는 사진에서는 넓은 잎과 꽃받침을 함께 봅니다.	
5	잎은 두껍고 매끈한 타원형으로 광택이 납니다.|작은 꽃이 잎겨드랑이에 모여 핍니다.|붉게 익는 열매 끝의 어두운 점과 주변 잎을 함께 봅니다.	붉은 열매만으로 먼나무 등과 구별하기 어렵습니다. 잎의 형태와 열매가 달린 모습을 비교하세요.
6	노란 꽃이 가지를 따라 풍성하게 핍니다.|꽃부리는 끝이 네 갈래로 나뉘어 보입니다.|잎이 무성해지기 전 가지를 덮는 노란 꽃을 기억하세요.	
7	납작하고 긴 잎이 가지 양쪽으로 펼쳐져 지네를 닮았습니다.|잎 배열을 한자 ‘아닐 비(非)’ 모양과 연결해 기억할 수 있습니다.|가지 아래쪽에 모여 달리는 둥근 수꽃도 확인하세요.	메타세쿼이아보다 잎이 두껍고 뻣뻣해 보입니다.
8	잎이 크고 넓으며, 흰 꽃이 모여 핍니다.|길고 가느다란 열매가 수염처럼 아래로 늘어집니다.|넓은 잎과 길게 매달린 열매의 조합이 핵심입니다.	오동나무의 보라색 꽃, 벽오동의 갈라진 잎과 비교하세요.
9	잎이 비교적 반듯하고 둥근 하트 모양입니다.|잎의 밑부분이 오목하게 들어가고 가장자리는 둥근 톱니를 이룹니다.|가늘고 굽은 작은 열매가 모인 모습도 확인하세요.	박태기나무의 넓은 심장형 잎과 비교하되 꽃과 열매를 함께 봅니다.
10	노란 꽃이 작은 나비처럼 아래로 매달립니다.|작은 잎들이 짝을 이루어 달리는 모습을 살펴보세요.|낮게 자라는 관목의 노란 꽃과 잎을 함께 기억하세요.	
11	바닷가 방풍림에서 볼 수 있는 소나무류로, 해송이라고도 합니다.|침엽이 두 개씩 모여 나며 수피가 어둡습니다.|가지 끝의 새눈과 암꽃·수꽃 모양을 잎과 함께 봅니다.	소나무와 함께 2엽입니다. 바닷가 배경만으로 단정하지 말고 수피와 눈도 확인하세요.
12	타원형 잎이 두껍고 매끈하며 광택이 납니다.|작은 흰 꽃이 무리 지어 피고 수술이 꽃 밖으로 보입니다.|열매는 검은색으로 익어 모여 달립니다.	꽝꽝나무의 더 작은 잎, 쥐똥나무의 얇은 잎과 비교하세요.
13	짧고 두꺼운 잎이 가지에 촘촘히 붙습니다.|솔방울이 가지 위로 곧게 서는 모습이 특징입니다.|잎 뒷면의 흰 부분과 잎 끝 모양도 살펴보세요.	솔방울이 아래로 처지는 독일가문비와 비교하세요.
14	두껍고 길쭉한 잎 사이로 작은 황색·주황색 꽃이 모여 핍니다.|작은 꽃의 끝이 네 갈래로 나뉩니다.|매끈한 잎과 촘촘한 주황빛 꽃의 조합을 기억하세요.	
15	긴 잎이 가지 끝에 모여 우산살이나 빗자루처럼 퍼집니다.|새잎이 위로 모여 올라오는 모습을 봅니다.|가지 끝에 모여 있는 수꽃 무리도 감별 단서입니다.	소나무처럼 두 잎만 묶인 모습과 구별하세요.
16	초록색 잎에 노란 얼룩무늬가 불규칙하게 나타납니다.|잎이 넓고 두꺼우며 가장자리에 톱니가 보입니다.|노란 반점이 흩어진 잎이 가장 빠른 감별 단서입니다.	영상의 얼룩무늬 비유는 암기용입니다. 식물이 영양실조에 걸렸다는 뜻은 아닙니다.
17	작고 두꺼운 타원형 잎이 촘촘하게 달립니다.|열매는 작고 둥글며 검은색으로 익습니다.|작은 잎과 검은 열매를 함께 확인하세요.	광나무도 검은 열매가 열리므로 잎의 크기와 형태를 함께 비교합니다.
18	가지에 작은 붉은 열매가 촘촘하게 달립니다.|잎은 두껍지 않은 타원형이며 가장자리에 톱니가 보입니다.|잎이 떨어진 뒤에도 남는 붉은 열매가 눈에 띕니다.	붉은 열매가 맺히는 다른 수목과 혼동하지 않도록 잎과 가지도 살펴보세요.
19	여러 작은 잎으로 이루어진 잎과 붉게 물드는 잎색을 봅니다.|작은 흰 꽃이 가지 끝에 모여 핍니다.|붉은 열매가 가지 끝에 다발로 달립니다.	
20	흰 꽃 가운데 노란 수술이 풍성하게 모여 있습니다.|수피가 벗겨져 얼룩무늬를 이루는 모습이 특징입니다.|꽃과 함께 매끈하고 얼룩진 줄기를 기억하세요.	
21	어린 가지가 노란색을 띠는 것이 중요한 특징입니다.|잎맥이 잎 끝을 향해 휘어 올라가는 모습을 봅니다.|작은 흰 꽃이 모여 피는 관목입니다.	붉은 가지의 흰말채나무, 큰 나무로 자라는 말채나무와 구별하세요.
22	잎이 매끈하고 어린 가지가 녹색을 띱니다.|작고 옅은 색의 꽃이 여러 개 모여 핍니다.|나무 전체가 크게 자라므로 잎과 어린 가지를 함께 확인합니다.	작은 흰 꽃만으로 광나무 등과 구별하기 어렵습니다.
23	땅을 기듯 낮게 퍼지는 수형이 특징입니다.|향나무류의 바늘 모양·비늘 모양 잎을 확인하세요.|위로 높게 자라는 모습보다 지면을 덮는 가지를 기억합니다.	향나무와 잎이 비슷하므로 수형이 보이는 사진이 중요합니다.
24	잎 끝이 뾰족하고 가장자리에 선명한 톱니가 있습니다.|잎맥이 옆으로 가지런히 뻗는 모습을 봅니다.|넓게 퍼지는 큰 나무의 수형과 잎을 함께 확인하세요.	
25	덩굴로 타고 올라가며 주황빛 나팔 모양 꽃이 핍니다.|꽃의 입구가 넓게 벌어지고 끝이 다섯 갈래로 나뉩니다.|여러 작은 잎이 나란히 달린 잎과 큰 꽃을 함께 봅니다.	
26	잎이 손바닥처럼 여러 갈래로 깊게 갈라집니다.|작은 붉은 꽃이 아래를 향해 모여 피기도 합니다.|두 날개가 달린 열매인 시과가 특징입니다.	중국단풍은 잎이 크게 세 갈래로 갈라집니다. 잎 갈래 수와 깊이를 비교하세요.
27	담이나 나무를 타고 붙어 자라는 덩굴식물입니다.|넓은 잎이 갈라져 있고 가을에는 붉게 물듭니다.|덩굴의 부착 모습과 잎을 함께 봅니다.	답안 연습은 영상의 표기인 ‘담쟁이덩굴’로 하세요.
28	작은 잎이 모여 달리고 노란 꽃이 핍니다.|열매는 붉고 길쭉한 타원형입니다.|작은 잎과 붉은 타원형 열매의 조합을 확인하세요.	주목·산수유 등도 붉은 열매가 있으므로 잎 모양이 중요합니다.
29	잎 밑에서 시작하는 굵은 잎맥이 위로 길게 이어집니다.|작고 연두빛인 꽃과 타원형 대추 열매를 확인하세요.|열매가 없을 때는 참외 무늬를 떠올리게 하는 잎맥이 단서입니다.	
30	짧은 침엽이 가지에 촘촘하게 붙습니다.|길쭉한 솔방울이 아래로 매달립니다.|원뿔형 수형과 처지는 가지도 함께 살펴보세요.	구상나무는 솔방울이 위로 서므로 방향을 비교하면 좋습니다.
31	잎은 두껍고 윤기가 나며 끝이 둥글게 퍼집니다.|흰 꽃은 다섯 갈래의 별 모양으로 모여 핍니다.|열매 껍질이 갈라지며 붉은 씨가 드러나는 모습이 특징입니다.	
32	붉은 꽃 가운데 노란 수술이 빽빽하게 모여 있습니다.|잎은 짙은 녹색으로 두껍고 윤기가 납니다.|꽃과 매끈한 잎의 조합을 기억하세요.	이름이 비슷한 쪽동백나무와는 잎과 꽃이 크게 다릅니다.
33	보라색 꽃차례가 포도송이처럼 길게 늘어집니다.|여러 작은 잎이 양쪽으로 달린 겹잎을 봅니다.|콩깍지처럼 생긴 열매가 달리는 덩굴식물입니다.	답안 이름은 영상 표기인 ‘등’을 기준으로 연습합니다.
34	흰 꽃이 아래를 향해 작은 종처럼 매달립니다.|꽃 가운데 노란 수술이 보이고 꽃잎은 다섯 갈래입니다.|둥근 열매도 아래로 매달리는 모습을 확인하세요.	쪽동백나무는 더 큰 잎과 길게 이어진 꽃차례를 함께 비교하세요.
35	잎이 크고 끝 쪽으로 넓어지며 둥근 톱니가 있습니다.|잎자루가 매우 짧아 가지에 붙어 보입니다.|도토리의 모자 부분에 털 같은 조각이 거칠게 덮입니다.	갈참나무·신갈나무와 잎 밑부분, 잎자루, 도토리 모자를 함께 비교하세요.
36	길쭉하고 톱니가 있는 작은 잎들이 양쪽으로 배열됩니다.|작은 흰 꽃이 넓게 무리 지어 핍니다.|붉은 열매가 다발로 모여 달립니다.	쉬땅나무와 잎이 비슷하지만 마가목은 큰 나무로 자라고 붉은 열매가 특징입니다.
37	넓은 잎의 잎맥이 잎 끝 방향으로 휘어집니다.|작은 흰 꽃이 무리 지어 피고 꽃잎은 네 갈래입니다.|크게 자라는 나무로, 잎의 마주나는 배열을 확인하세요.	노랑말채나무·흰말채나무는 가지 색을, 층층나무는 어긋나는 잎을 비교하세요.
38	잎이 나오기 전에 흰색 또는 분홍빛 꽃이 핍니다.|꽃잎은 다섯 장이고 중앙에 여러 수술이 모여 있습니다.|둥근 매실 열매와 끝이 길게 뾰족한 잎을 함께 봅니다.	영상에는 ‘매화나무 / 매실나무’로 함께 표기되어 두 이름을 정답으로 인정합니다.
39	작고 둥근 붉은 열매가 구슬처럼 다발로 달립니다.|잎은 타원형으로 두껍고 윤기가 납니다.|잎 가운데의 굵은 맥과 둥근 열매를 함께 확인하세요.	감탕나무 등과 비교할 때 열매가 달리는 방식과 잎을 같이 봅니다.
40	가늘고 부드러운 잎이 가지 양쪽으로 가지런히 마주납니다.|작고 둥근 솔방울이 달립니다.|곧게 자라는 수형과 세로로 거친 수피도 확인하세요.	개비자나무보다 잎이 가늘고 부드러워 보입니다.
41	노란 꽃이 가지 끝에 큰 무리로 핍니다.|작은 잎 가장자리에 불규칙한 톱니가 보입니다.|꽈리나 작은 주머니 같은 열매가 가장 뚜렷한 단서입니다.	
42	분홍색 꽃과 매끈하고 광택 있는 잎을 봅니다.|모과 열매가 크고 길쭉하게 달립니다.|수피가 얼룩지며 벗겨지는 모습도 확인하세요.	
43	큰 꽃의 중앙에 수술이 기둥처럼 모여 있습니다.|잎이 얕게 갈라지고 가장자리에 톱니가 보입니다.|익숙한 꽃 모양에 잎의 형태도 함께 연결해 기억하세요.	
44	여러 길쭉한 작은 잎이 양쪽에 나란히 달린 겹잎입니다.|끝에 작은 잎 하나가 더 있는 홀수깃모양 잎을 봅니다.|길쭉한 날개가 달린 열매가 여러 개 모여 달립니다.	수피 사진만으로 판단하기보다 잎과 날개 열매를 함께 확인합니다.
45	잎보다 먼저 흰 꽃이 가지에 모여 핍니다.|꽃부리는 네 갈래로 나뉘며 갈래가 비교적 길어 보입니다.|둥근 부채 모양의 열매도 중요한 감별 단서입니다.	다른 흰 꽃 수목과 비교할 때 꽃의 갈래와 열매를 함께 봅니다.
46	잎이 나오기 전에 진한 분홍색 꽃이 가지에 다닥다닥 붙습니다.|잎은 크고 넓은 하트 모양입니다.|콩깍지 같은 납작한 열매가 달립니다.	계수나무의 하트 모양 잎과 혼동하면 가지에 붙은 분홍 꽃을 떠올리세요.
47	땅 가까이에서 여러 줄기가 갈라져 둥글고 넓게 퍼집니다.|침엽은 소나무와 비슷하게 길게 모여 납니다.|개별 잎보다 전체 수형이 중요한 감별 단서입니다.	잎만 나온 사진에서는 소나무와 구별이 어렵습니다.
48	붉은색·분홍색 꽃잎이 잘게 주름져 보입니다.|잎은 숟가락처럼 끝 쪽이 넓고 둥글게 보입니다.|매끈하고 얼룩진 수피, 갈라지는 마른 열매도 봅니다.	
49	꽃무리 바깥쪽에 큰 흰 헛꽃이 둘러 있고 가운데 작은 꽃이 모입니다.|잎은 크게 세 갈래로 갈라진 모습이 특징입니다.|붉고 둥근 열매가 무리 지어 달립니다.	수국의 둥근 꽃덩이와 비교하되 바깥·안쪽 꽃의 차이를 보세요.
50	잎보다 먼저 크고 풍성한 흰 꽃이 핍니다.|꽃잎이 위로 모여 서는 모양을 기억하세요.|잎은 크고 끝 쪽으로 넓어지는 모습을 보입니다.	일본목련은 잎이 난 다음 꽃이 피는 모습을 비교하세요.
51	수피가 회백색으로 벗겨지며 얼룩무늬를 만듭니다.|침엽은 세 개씩 모여 납니다.|밝은 수피와 3엽의 조합을 기억하세요.	소나무·곰솔의 2엽, 잣나무류의 5엽과 구별합니다.
52	길고 좁은 잎을 가진 버드나무류입니다.|잎이 무성해지기 전 작은 꽃들이 이삭처럼 모여 핍니다.|씨가 날릴 때의 솜털과 가지·잎 모습을 함께 봅니다.	
53	잎이 넓고 손바닥처럼 크게 갈라집니다.|줄기와 가지의 녹색 수피가 특징입니다.|열매 껍질이 벌어지며 가장자리에 씨가 붙은 모습을 봅니다.	오동나무의 보라색 꽃, 개오동의 가늘고 긴 열매와 구별하세요.
54	길쭉한 통 모양 꽃이 가지에 달립니다.|꽃은 처음 황록색을 띠다가 붉은색으로 변합니다.|광택이 적고 잔톱니가 있는 잎을 함께 확인하세요.	꽃의 색이 달라졌다고 곧바로 다른 수목으로 판단하지 마세요.
55	작은 흰 꽃이 아래를 향해 피며 끝이 네 갈래로 벌어집니다.|붉은 열매 표면에 작은 점이 보입니다.|잎과 어린 가지의 은빛 비늘 같은 질감도 확인하세요.	붉은 열매 무리만 보지 말고 열매의 점과 잎을 함께 비교합니다.
56	복숭아가 열리는 나무로, 분홍색 꽃이 잎보다 먼저 핍니다.|꽃자루가 짧아 꽃이 가지에 가깝게 붙어 보입니다.|잎은 길쭉하고 가장자리에 잔톱니가 있습니다.	영상 답안 표기는 ‘복사나무’입니다. 산벚나무의 긴 꽃자루와 비교하세요.
57	작은 잎 세 장이 한 세트를 이루는 모습이 특징입니다.|옅은 황록색 꽃과 날개가 달린 열매를 봅니다.|수피가 거칠게 벗겨지며 일어나는 모습도 나타납니다.	세 장으로 이루어진 잎이 가장 먼저 볼 단서입니다.
58	잎이 두껍고 매끈하며 가장자리에 톱니가 없습니다.|빗살처럼 이어지는 잎맥이 비교적 뚜렷합니다.|아래로 늘어지는 수꽃차례와 도토리를 함께 봅니다.	가시나무의 잎 톱니와 비교하세요.
59	타원형 잎이 두껍고 윤기가 납니다.|작은 황록색 꽃이 네 갈래로 벌어집니다.|열매 껍질이 갈라지며 주황빛 씨가 드러납니다.	
60	꽃처럼 보이는 큰 흰 포엽 네 장이 십자 모양을 이룹니다.|붉은 열매는 표면이 울퉁불퉁하여 딸기처럼 보입니다.|잎맥이 끝을 향해 휘는 잎과 함께 봅니다.	산수유의 매끈하고 길쭉한 열매와 대비해 기억하세요.
61	흰색 또는 옅은 분홍색 꽃의 꽃잎 끝이 살짝 갈라집니다.|꽃자루가 길고 꽃이 잎과 함께 보이는 모습을 확인하세요.|수피에는 가로로 난 껍질눈이 보입니다.	왕벚나무와는 꽃뿐 아니라 잎이 나오는 시기와 꽃자루도 함께 비교하세요.
62	잎이 여러 갈래로 깊게 갈라지고 가장자리에 톱니가 있습니다.|흰 꽃이 무리 지어 피며 붉은 열매가 달립니다.|작은 사과 같은 열매와 독특하게 갈라진 잎을 함께 기억하세요.	붉은 열매만으로는 구별하기 어렵습니다. 잎이 핵심입니다.
63	잎보다 먼저 작은 노란 꽃이 둥근 무리로 핍니다.|붉은 열매가 길쭉한 타원형입니다.|잎맥이 잎 끝을 향해 휘는 모습을 봅니다.	영상의 답안 이름은 ‘산수유’입니다. 생강나무와 잎 모양을 비교하세요.
64	진한 분홍색 꽃이 피며 꽃 안쪽에 반점이 보입니다.|잎은 끝이 좁고 길쭉한 타원형입니다.|꽃과 잎이 함께 나온 사진을 비교해 기억하세요.	철쭉의 비교적 넓고 둥근 잎, 연한 분홍색 꽃과 구별합니다.
65	옅은 분홍색 또는 흰빛 꽃이 잎보다 먼저 핍니다.|꽃 뒤쪽의 꽃받침이 뒤로 젖혀지는 모습이 특징입니다.|둥글고 노랗게 익는 살구 열매를 함께 기억하세요.	복사나무·산벚나무와 비교할 때 꽃받침과 꽃자루를 봅니다.
66	잎은 길쭉하고 가장자리에 뾰족한 톱니가 있습니다.|긴 수꽃차례가 아래로 늘어집니다.|도토리 모자의 길고 굵은 조각이 뒤로 젖혀져 보입니다.	떡갈나무의 넓고 둥근 잎과 도토리 모자를 비교하세요.
67	잎이 나기 전에 노란 꽃이 가지에 모여 핍니다.|잎은 넓고 일부는 크게 세 갈래로 갈라집니다.|노란 꽃뿐 아니라 넓은 잎 모양을 함께 기억하세요.	산수유도 노란 꽃이 먼저 핍니다. 잎 모양과 꽃이 붙는 모습을 비교하세요.
68	회색 수피의 줄기가 근육처럼 울퉁불퉁해 보입니다.|잎에는 선명한 잎맥과 톱니가 있습니다.|길게 늘어지는 꽃차례·열매이삭도 확인하세요.	
69	붉은 꽃과 두툼한 꽃받침이 눈에 띕니다.|꽃받침이 단단한 컵처럼 남아 열매의 끝을 이룹니다.|석류 열매와 좁고 매끈한 잎을 함께 봅니다.	
70	바늘 모양 잎이 두 개씩 모여 납니다.|줄기 윗부분의 붉은빛 수피와 전체 수형을 확인하세요.|솔방울과 침엽이 함께 나온 사진으로 익혀두세요.	백송은 3엽, 잣나무류는 5엽입니다. 곰솔도 2엽이므로 수피와 눈을 함께 봅니다.
71	큰 꽃무리가 둥근 공처럼 모여 핍니다.|잎은 넓고 끝이 뾰족하며 가장자리에 톱니가 있습니다.|꽃의 색보다 둥근 꽃무리와 넓은 잎을 기억하세요.	
72	연한 자주색의 작은 통꽃이 큰 무리로 모여 핍니다.|꽃부리 끝은 네 갈래로 벌어집니다.|잎은 넓고 하트나 삽을 닮은 모양입니다.	
73	작은 흰 꽃이 솜털 같은 큰 꽃무리를 이룹니다.|수술이 길게 튀어나와 꽃무리가 복슬복슬해 보입니다.|길고 뾰족하며 톱니가 있는 작은 잎들이 양쪽으로 달립니다.	마가목과 잎이 비슷하지만 낮은 관목이며 꽃무리의 형태가 다릅니다.
74	바늘 모양 잎이 다섯 개씩 모여 납니다.|솔방울이 길쭉한 원통형으로 아래로 달립니다.|부드럽고 가는 침엽과 긴 솔방울의 조합을 기억하세요.	잣나무와 함께 5엽이므로 솔방울 형태를 비교합니다.
75	잎자루가 매우 짧고 잎 밑부분이 귀처럼 튀어나옵니다.|잎 가장자리에 큰 물결 모양 톱니가 있습니다.|도토리 모자 표면이 비교적 단정하게 보입니다.	떡갈나무와 잎 밑부분·잎 끝, 도토리 모자의 거친 정도를 비교하세요.
76	잎의 가운데 갈래가 길고 양옆에 작은 갈래가 있습니다.|잎 가장자리에 톱니가 있으며 로켓 같은 윤곽을 이룹니다.|두 날개가 달린 시과와 잎을 함께 확인하세요.	중국단풍의 넓은 세 갈래 잎과 비교하세요.
77	흰 나비 모양 꽃이 길게 늘어진 무리로 핍니다.|둥근 타원형 작은 잎들이 양쪽으로 나란히 달립니다.|콩깍지 모양 열매와 가지의 가시를 함께 봅니다.	답안은 ‘아까시나무’로 연습합니다. 회화나무의 염주 모양 열매와 비교하세요.
78	흰색 또는 연분홍 꽃이 가지에 피는 작은 나무입니다.|잎은 끝 쪽이 넓고 잔톱니와 잔털이 보입니다.|작고 둥근 붉은 열매가 가지 가까이 달립니다.	영상 표기는 ‘앵도나무’입니다. 앱에서는 ‘앵두나무’도 정답으로 인정합니다.
79	잎이 매우 크고 넓어 하트 모양에 가깝습니다.|보라색 통 모양 꽃이 큰 꽃차례로 모여 핍니다.|단단한 열매 껍질이 벌어지는 모습도 봅니다.	개오동의 흰 꽃과 길고 가는 열매, 벽오동의 녹색 줄기와 비교하세요.
80	흰색·연분홍 꽃이 가지를 풍성하게 덮습니다.|잎이 본격적으로 나오기 전 꽃이 크게 모여 핀 모습을 봅니다.|꽃잎 끝의 홈과 잎 가장자리의 잔톱니를 확인하세요.	산벚나무와는 꽃의 크기만으로 단정하지 말고 잎·꽃자루도 함께 봅니다.
81	부채 모양 잎과 평행하게 갈라지는 잎맥이 특징입니다.|가을에 잎이 노랗게 물듭니다.|둥근 씨가 달린 모습도 함께 기억하세요.	
82	가늘고 긴 흰 꽃잎이 쌀밥처럼 가지를 덮습니다.|꽃은 네 갈래가 길게 벌어진 모습입니다.|넓은 잎과 흰 꽃무리를 함께 확인하세요.	수술이 길게 드러나는 다른 흰 꽃 무리와 구별합니다.
83	덩굴성으로 자라며 길고 가는 통꽃이 핍니다.|꽃 끝이 벌어지고 한 갈래가 뒤로 젖혀집니다.|흰색에서 노란색으로 변하는 꽃과 검은 열매를 봅니다.	
84	큰 잎이 가지 끝에 모여 달립니다.|잎이 나온 뒤 가지 끝에 큰 흰 꽃이 핍니다.|길쭉하고 울퉁불퉁한 열매가 특징입니다.	잎보다 꽃이 먼저 피는 백목련과 구별하세요.
85	분홍색의 긴 수술이 부채나 깃털처럼 퍼집니다.|아주 작은 잎들이 양쪽으로 촘촘히 배열됩니다.|납작한 콩깍지 같은 열매가 달립니다.	
86	줄기가 희고 수피가 얇게 벗겨집니다.|잎은 삼각형에 가깝고 불규칙한 톱니가 있습니다.|늘어진 꽃차례와 흰 수피를 함께 확인하세요.	
87	작고 둥근 보라색 열매가 가지에 모여 달립니다.|작은 연보라 꽃에서 노란 끝의 수술이 튀어나옵니다.|톱니가 있는 잎과 보라색 열매를 함께 기억하세요.	
88	바늘 모양 잎이 다섯 개씩 모여 납니다.|큰 솔방울의 두꺼운 조각과 잣이 들어가는 구조를 봅니다.|가지에 풍성하게 모인 침엽을 확인하세요.	스트로브잣나무의 길고 가는 솔방울과 비교합니다.
89	짧고 비교적 뻣뻣한 잎이 가지에 달립니다.|잎 끝이 뾰족하며 뒷면에는 흰 줄이 보입니다.|길쭉한 솔방울이 위로 서는 모습을 확인하세요.	구상나무·주목과 잎 끝, 잎 뒷면, 열매 형태를 비교합니다.
90	키가 낮은 대나무류로 마디가 있는 줄기가 보입니다.|잎은 길고 끝이 뾰족합니다.|낮게 무리 지어 자라는 줄기와 넓은 대나무형 잎을 기억하세요.	
91	참나무류 중 잎이 비교적 작고 잎자루가 보입니다.|잎 끝과 톱니가 뾰족하게 보입니다.|도토리와 작은 잎을 함께 확인하세요.	잎자루가 매우 짧은 떡갈나무·신갈나무와 비교하세요.
92	납작하고 뾰족한 잎이 가지 양쪽으로 달립니다.|붉은 컵 같은 부분 안에 씨가 보이는 열매 모습이 특징입니다.|잎 뒷면의 연한 녹색과 붉은 열매를 함께 봅니다.	붉은 열매가 있어도 넓은 잎을 가진 수목들과는 다릅니다.
93	잎이 크게 세 갈래로 갈라져 오리발을 닮았습니다.|단풍나무보다 잎의 갈래 수가 적고 갈라짐이 얕습니다.|두 날개가 달린 시과가 달립니다.	가운데 갈래가 더 길고 톱니가 뚜렷한 신나무와 비교하세요.
94	작고 길쭉한 타원형 잎의 끝이 비교적 둥글게 보입니다.|흰 통꽃이 모여 피고 끝이 네 갈래로 벌어집니다.|작고 검은 타원형 열매가 달립니다.	광나무의 두껍고 광택 있는 잎과 비교하세요.
95	잎보다 먼저 붉은빛 분홍 꽃이 핍니다.|꽃이 핀 가지에 잎이 아직 적은 모습을 봅니다.|길쭉한 잎과 꽃의 안쪽 무늬도 함께 확인하세요.	산철쭉·철쭉은 꽃과 잎이 함께 보이는 사진과 비교해 익히세요.
96	흰 꽃이 길게 이어진 꽃차례에 아래를 향해 달립니다.|때죽나무보다 크고 넓은 잎이 두드러집니다.|둥근 열매가 여러 개 늘어선 모습을 봅니다.	동백나무와는 전혀 다른 꽃 모양입니다. 때죽나무와 잎·꽃차례를 비교하세요.
97	작은 잎의 밑부분이 좌우 비대칭입니다.|잎 가장자리에 톱니가 있으며 잎맥이 뚜렷합니다.|씨 주변을 얇은 날개가 둘러싼 열매를 확인하세요.	팽나무와 비교할 때 잎의 비대칭뿐 아니라 열매 형태도 봅니다.
98	연한 분홍색 꽃 안쪽에 적갈색 반점이 보입니다.|잎이 가지 끝에 모여 달리고 끝이 비교적 둥급니다.|넓은 잎과 연분홍 꽃의 조합을 기억하세요.	산철쭉은 비교적 길고 좁은 잎과 진한 분홍색 꽃을 봅니다.
99	비늘 모양 잎이 붙은 잔가지가 납작하게 퍼집니다.|작은 꽃과 울퉁불퉁한 작은 솔방울이 달립니다.|손바닥처럼 납작하게 펼쳐진 가지를 기억하세요.	향나무의 둥근 열매와 구별합니다.
100	가지가 층을 이루며 수평으로 퍼지는 수형이 특징입니다.|잎은 어긋나며 잎맥이 끝을 향해 휘어집니다.|작은 흰 꽃이 넓고 평평한 무리로 핍니다.	말채나무는 잎이 마주납니다. 꽃무리만으로 판단하지 마세요.
101	큰 작은잎 여러 장이 한 점에서 손바닥처럼 퍼집니다.|흰 꽃이 위로 선 원뿔 모양 꽃차례를 이룹니다.|크고 둥근 열매와 손 모양 겹잎을 함께 봅니다.	하나의 잎이 갈라진 팔손이와 여러 작은잎이 모인 칠엽수를 구별하세요.
102	잎이 크고 두껍고 윤기가 납니다.|매우 큰 흰 꽃이 잎 사이에 핍니다.|원뿔 모양으로 모인 열매에서 붉은 씨가 드러납니다.	백목련과는 꽃이 필 때 잎의 유무와 두꺼운 잎의 질감을 비교하세요.
103	녹색 가지에 길고 날카로운 가시가 있습니다.|작은 잎 세 장이 한 세트로 달립니다.|흰 꽃과 둥글고 노랗게 익는 탱자 열매가 특징입니다.	귤처럼 보이는 열매만 보지 말고 녹색 가시와 세 장의 잎을 확인하세요.
104	잎 끝이 잘린 듯한 독특한 모양으로 갈라집니다.|녹황색 꽃이 튤립처럼 위를 향해 핍니다.|가을에 노란 단풍이 들며 열매가 위로 모여 섭니다.	영상 104번은 ‘백합나무’이며 ‘튤립나무’도 같은 수목 이름으로 인정합니다.
105	크고 윤기 있는 잎이 손바닥처럼 깊게 갈라집니다.|잎의 갈래가 여러 손가락처럼 퍼집니다.|작은 흰 꽃이 둥근 무리로 모여 핍니다.	칠엽수처럼 작은잎이 따로 나뉜 겹잎과 구별하세요.
106	잎 가장자리에 불규칙한 이중 톱니가 있습니다.|흰 꽃이 가지 끝에서 여러 개 모여 핍니다.|작은 붉은 열매가 팥알처럼 다발로 달립니다.	마가목과 달리 하나의 넓은 잎입니다. 붉은 열매와 잎을 함께 보세요.
107	잎 밑부분이 좌우 비대칭으로 비틀린 듯 보입니다.|잎의 윗부분에 톱니가 보입니다.|작고 둥근 열매가 황갈색·주황빛으로 익습니다.	참느릅나무의 날개 열매와 비교하세요.
108	가늘고 긴 노란 꽃잎이 리본처럼 말리며 퍼집니다.|잎이 나오기 전 가지에 독특한 꽃이 핍니다.|넓은 잎의 굵은 잎맥도 함께 확인하세요.	노란 꽃의 가늘고 구불구불한 모양이 핵심입니다.
109	잎은 심장형이며 잎자루가 길고 가장자리에 톱니가 있습니다.|옅은 황색 꽃에서 긴 수술이 드러납니다.|꽃과 열매 자루에 붙은 길쭉한 포엽이 중요한 단서입니다.	계수나무 등 심장형 잎을 가진 수목과 포엽 유무로 비교하세요.
110	작은 흰 꽃이 무리 지어 핍니다.|잎은 작고 두꺼운 긴 타원형입니다.|붉거나 주황빛 열매가 가지를 빽빽하게 덮습니다.	영상 표기는 ‘피라칸다’입니다. ‘피라칸타’도 정답으로 인정합니다.
111	큰 분홍 꽃이 피며 가운데 노란 수술이 모여 있습니다.|작은 잎들이 깃 모양으로 배열되고 잎맥이 깊게 보입니다.|붉은 열매 끝에 꽃받침이 남습니다.	
112	바늘 모양 잎과 비늘 모양 잎이 나타납니다.|둥근 열매가 어두운 자주색·검은빛으로 익습니다.|높게 자라는 수형과 잎·열매를 함께 봅니다.	낮게 기어 자라는 눈향나무와 수형을 비교하세요.
113	여러 작은 잎이 양쪽에 달리는 홀수깃모양 겹잎입니다.|긴 수꽃차례가 아래로 늘어집니다.|녹색 껍질에 싸인 둥근 호두 열매를 확인하세요.	
114	두껍고 광택 있는 잎 가장자리에 크고 날카로운 가시가 있습니다.|잎 윤곽이 각지고 가시 끝이 뾰족합니다.|붉은 열매와 가시 달린 잎이 함께 보입니다.	가시나무의 잎 톱니보다 훨씬 크고 날카로운 가시가 핵심입니다.
115	줄기에 코르크질 날개가 길게 붙어 있습니다.|가을에 잎이 붉게 물듭니다.|작은 황록색 꽃과 붉게 드러나는 씨도 확인하세요.	붉은 열매보다 줄기의 납작한 날개를 먼저 찾으세요.
116	작고 두꺼운 타원형 잎이 마주 달립니다.|잎 끝이 둥글고 가지에 잎이 촘촘합니다.|작은 꽃과 갈라지는 마른 열매도 살펴보세요.	꽝꽝나무의 검은 열매와 잎 배열을 함께 비교하세요.
117	작은 잎들이 양쪽으로 나란히 달린 겹잎입니다.|옅은 황백색 꽃이 큰 꽃무리로 핍니다.|열매가 씨 사이에서 잘록해져 염주처럼 보입니다.	아까시나무의 납작한 콩깍지와 염주 모양 열매를 비교하세요.
118	잎은 길고 두꺼우며 광택이 납니다.|잎 가장자리에 톱니가 없고 가지 끝에 잎이 모여 보입니다.|작은 황록색 꽃과 둥근 열매를 함께 봅니다.	일본목련의 매우 큰 잎·꽃과 혼동하지 마세요.
119	어린 가지가 붉은색을 띠는 것이 특징입니다.|작은 흰 꽃이 모여 피고 열매도 흰색으로 익습니다.|잎맥이 끝을 향해 휘는 넓은 잎을 확인하세요.	노랑말채나무는 노란 가지입니다. 이름의 ‘흰’은 가지 색이 아닙니다.
120	옅은 노란 꽃이 짧은 이삭처럼 아래로 매달립니다.|잎은 둥근 심장형이며 톱니와 잎맥이 선명합니다.|아래로 늘어진 노란 꽃무리와 넓은 잎을 함께 기억하세요.	풍년화의 가는 리본 모양 꽃잎과 비교하세요.
